time,open,high,low,close,volume
2015-01-02T00:00:00Z,62.62,62.96,62.07,62.49,12599991.0
2015-01-05T00:00:00Z,62.06,62.28,60.23,60.55,20100577.0
2015-01-06T00:00:00Z,60.64,60.75,58.35,58.98,29074111.0
2015-01-07T00:00:00Z,59.89,59.89,58.665,59.07,23843244.0
2015-01-08T00:00:00Z,59.97,60.9,59.97,60.39,16971056.0
2015-01-09T00:00:00Z,60.72,60.79,59.29,59.34,15396195.0
2015-01-12T00:00:00Z,59.28,59.4,58.27,58.83,15455234.0
2015-01-13T00:00:00Z,59.26,59.7,58.37,58.84,21644739.0
2015-01-14T00:00:00Z,56.91,57.0,55.27,56.81,49602310.0
2015-01-15T00:00:00Z,55.73,56.61,54.5,54.99,42458146.0
2015-01-16T00:00:00Z,54.66,56.0,54.64,55.93,29368910.0
2015-01-20T00:00:00Z,56.04,56.39,55.4232,55.71,23477689.0
2015-01-21T00:00:00Z,55.45,56.42,55.19,55.89,21842362.0
2015-01-22T00:00:00Z,56.38,57.73,55.955,57.59,31423538.0
2015-01-23T00:00:00Z,57.72,57.87,56.66,56.68,15458254.0
2015-01-26T00:00:00Z,56.41,56.99,56.2,56.77,12577658.0
2015-01-27T00:00:00Z,56.05,56.61,55.755,56.2,15220526.0
2015-01-28T00:00:00Z,56.62,56.68,54.75,54.75,24354354.0
2015-01-29T00:00:00Z,55.27,55.89,54.68,55.67,20393264.0
2015-01-30T00:00:00Z,54.99,55.495,54.37,54.38,26943713.0
2015-02-02T00:00:00Z,54.53,55.65,54.27,55.47,20308885.0
2015-02-03T00:00:00Z,55.91,56.78,55.87,56.72,18812501.0
2015-02-04T00:00:00Z,56.32,57.07,56.28,56.38,14934076.0
2015-02-05T00:00:00Z,56.86,57.04,56.46,56.77,11293901.0
2015-02-06T00:00:00Z,57.75,58.73,57.54,57.89,25214001.0
2015-02-09T00:00:00Z,57.42,58.095,57.23,57.82,14372365.0
2015-02-10T00:00:00Z,58.42,58.7082,58.05,58.46,16367266.0
2015-02-11T00:00:00Z,58.06,58.655,57.84,58.37,13061925.0
2015-02-12T00:00:00Z,58.93,59.71,58.55,59.57,23211327.0
2015-02-13T00:00:00Z,59.46,60.22,59.34,59.67,16479114.0
2015-02-17T00:00:00Z,59.36,60.14,59.315,60.1,15308763.0
2015-02-18T00:00:00Z,59.79,59.8324,59.12,59.37,14278117.0
2015-02-19T00:00:00Z,59.15,59.48,58.8,59.23,11256543.0
2015-02-20T00:00:00Z,58.96,59.89,58.35,59.8,15379042.0
2015-02-23T00:00:00Z,59.5,59.53,58.8,59.35,16813999.0
2015-02-24T00:00:00Z,60.25,61.25,60.08,60.82,22937701.0
2015-02-25T00:00:00Z,60.76,61.27,60.75,61.14,18307912.0
2015-02-26T00:00:00Z,61.03,61.7,60.91,61.58,15444802.0
2015-02-27T00:00:00Z,61.13,61.92,61.13,61.28,15225935.0
2015-03-02T00:00:00Z,61.24,61.83,61.03,61.77,13047328.0
2015-03-03T00:00:00Z,61.65,61.99,61.5,61.97,13707655.0
2015-03-04T00:00:00Z,61.64,62.17,61.3525,62.13,16626413.0
2015-03-05T00:00:00Z,62.2,62.23,61.6,62.0,10931262.0
2015-03-06T00:00:00Z,62.16,62.87,60.8,60.89,22719177.0
2015-03-09T00:00:00Z,60.84,61.63,60.8,61.5,13001473.0
2015-03-10T00:00:00Z,60.76,61.01,59.96,59.96,16357724.0
2015-03-11T00:00:00Z,60.13,60.65,59.955,60.24,13015567.0
2015-03-12T00:00:00Z,60.65,61.45,60.65,61.37,18159558.0
2015-03-13T00:00:00Z,61.4,61.86,60.4301,61.0,16506155.0
2015-03-16T00:00:00Z,61.5,61.92,61.25,61.85,15182859.0
2015-03-17T00:00:00Z,61.34,61.66,60.92,61.61,11718327.0
2015-03-18T00:00:00Z,61.39,62.05,61.085,61.75,15697854.0
2015-03-19T00:00:00Z,61.57,61.65,60.76,61.2,11523785.0
2015-03-20T00:00:00Z,61.32,62.1,61.15,61.75,18368347.0
2015-03-23T00:00:00Z,61.75,62.08,61.12,61.14,15112872.0
2015-03-24T00:00:00Z,60.97,61.24,60.45,60.46,12128693.0
2015-03-25T00:00:00Z,60.53,60.64,59.59,59.61,14950859.0
2015-03-26T00:00:00Z,59.46,59.79,58.87,59.54,14039559.0
2015-03-27T00:00:00Z,59.49,59.78,59.0,59.55,11755819.0
2015-03-30T00:00:00Z,60.88,61.46,60.61,60.96,20656523.0
2015-03-31T00:00:00Z,60.72,60.94,60.42,60.58,17346667.0
2015-04-01T00:00:00Z,60.41,60.57,59.73,59.95,18100587.0
2015-04-02T00:00:00Z,60.07,60.7,60.0,60.52,12697771.0
2015-04-06T00:00:00Z,59.92,60.75,59.65,60.47,12025243.0
2015-04-07T00:00:00Z,61.15,61.5,60.85,60.85,11505503.0
2015-04-08T00:00:00Z,61.06,61.56,60.94,61.05,11733950.0
2015-04-09T00:00:00Z,61.27,61.575,60.83,61.47,11728495.0
2015-04-10T00:00:00Z,61.35,61.78,61.2,61.7,9869670.0
2015-04-13T00:00:00Z,61.64,62.27,61.5,62.07,15468702.0
2015-04-14T00:00:00Z,62.96,63.61,62.74,63.04,33775406.0
2015-04-15T00:00:00Z,63.08,64.48,63.01,64.21,28732225.0
2015-04-16T00:00:00Z,64.08,64.27,63.66,63.81,16640454.0
2015-04-17T00:00:00Z,63.25,63.4,62.49,62.84,20221236.0
2015-04-20T00:00:00Z,63.22,63.52,63.14,63.24,12755309.0
2015-04-21T00:00:00Z,63.33,63.6,62.13,62.31,14985119.0
2015-04-22T00:00:00Z,62.65,63.15,62.03,62.94,14484658.0
2015-04-23T00:00:00Z,62.79,63.21,62.6,62.8,12851257.0
2015-04-24T00:00:00Z,62.63,62.84,62.34,62.6,9597525.0
2015-04-27T00:00:00Z,62.7,63.15,62.31,62.34,11146409.0
2015-04-28T00:00:00Z,62.49,62.78,61.77,62.76,12307828.0
2015-04-29T00:00:00Z,62.56,63.89,62.46,63.6,17601215.0
2015-04-30T00:00:00Z,63.58,63.88,62.92,63.26,16840865.0
2015-05-01T00:00:00Z,63.7,63.87,63.33,63.61,11640805.0
2015-05-04T00:00:00Z,63.68,64.87,63.64,64.72,14972462.0
2015-05-05T00:00:00Z,64.51,65.32,64.29,64.4,17692369.0
2015-05-06T00:00:00Z,64.53,65.07,63.42,63.92,18087852.0
2015-05-07T00:00:00Z,63.67,64.595,63.25,64.5,15039936.0
2015-05-08T00:00:00Z,64.97,65.65,64.6,65.49,16802611.0
2015-05-11T00:00:00Z,65.26,65.64,65.075,65.45,13799675.0
2015-05-12T00:00:00Z,65.31,65.54,64.76,65.36,12762234.0
2015-05-13T00:00:00Z,65.42,65.63,65.06,65.52,11874274.0
2015-05-14T00:00:00Z,65.83,66.18,65.71,66.05,11855518.0
2015-05-15T00:00:00Z,66.13,66.16,65.435,65.88,11152125.0
2015-05-18T00:00:00Z,65.8,66.54,65.8,66.42,10510893.0
2015-05-19T00:00:00Z,66.77,67.1899,66.57,67.01,14282994.0
2015-05-20T00:00:00Z,66.95,67.03,66.4,66.48,12446012.0
2015-05-21T00:00:00Z,66.14,66.68,66.01,66.65,12934474.0
2015-05-22T00:00:00Z,66.63,66.83,66.32,66.47,9296939.0
2015-05-26T00:00:00Z,66.2,66.29,65.31,65.73,15571327.0
2015-05-27T00:00:00Z,65.95,66.65,65.82,66.47,10963652.0
2015-05-28T00:00:00Z,66.36,66.4,65.74,66.2,11797444.0
2015-05-29T00:00:00Z,66.18,66.22,65.36,65.78,14310723.0
2015-06-01T00:00:00Z,65.99,66.66,65.97,66.08,11899261.0
2015-06-02T00:00:00Z,65.83,66.39,65.58,66.02,12784152.0
2015-06-03T00:00:00Z,66.43,67.13,66.27,66.7,12927263.0
2015-06-04T00:00:00Z,66.31,67.05,66.01,66.33,13863283.0
2015-06-05T00:00:00Z,67.37,67.84,67.01,67.42,20801141.0
2015-06-08T00:00:00Z,67.46,67.55,66.81,66.89,14558660.0
2015-06-09T00:00:00Z,66.95,67.27,66.47,67.18,13263493.0
2015-06-10T00:00:00Z,67.59,68.495,67.47,68.26,17478898.0
2015-06-11T00:00:00Z,68.36,68.68,68.15,68.52,13739872.0
2015-06-12T00:00:00Z,68.31,68.54,67.87,68.25,11804741.0
2015-06-15T00:00:00Z,67.58,68.21,67.3,67.99,14082323.0
2015-06-16T00:00:00Z,67.77,68.52,67.6201,68.37,11692849.0
2015-06-17T00:00:00Z,68.41,68.68,68.035,68.14,14521889.0
2015-06-18T00:00:00Z,68.35,68.82,67.9,68.78,16759603.0
2015-06-19T00:00:00Z,68.46,68.67,67.92,68.08,21606383.0
2015-06-22T00:00:00Z,68.87,69.29,68.75,68.96,14306669.0
2015-06-23T00:00:00Z,69.35,69.82,69.19,69.75,15736884.0
2015-06-24T00:00:00Z,69.51,69.77,68.91,69.02,16995033.0
2015-06-25T00:00:00Z,69.32,69.475,68.635,68.65,13314291.0
2015-06-26T00:00:00Z,68.94,69.29,68.765,68.95,14489159.0
2015-06-29T00:00:00Z,67.68,68.26,67.16,67.2,19934417.0
2015-06-30T00:00:00Z,67.89,68.11,67.16,67.76,20677358.0
2015-07-01T00:00:00Z,68.12,68.39,67.78,68.07,13964423.0
2015-07-02T00:00:00Z,67.95,68.13,67.185,67.52,12822941.0
2015-07-06T00:00:00Z,66.88,67.46,66.54,67.33,13527098.0
2015-07-07T00:00:00Z,67.09,67.22,65.3,66.8,22421483.0
2015-07-08T00:00:00Z,66.0,66.16,65.205,65.43,17707242.0
2015-07-09T00:00:00Z,66.49,66.7034,65.99,66.11,14984705.0
2015-07-10T00:00:00Z,67.22,67.4,66.825,67.05,12356059.0
2015-07-13T00:00:00Z,67.89,68.14,67.68,68.09,16175638.0
2015-07-14T00:00:00Z,67.98,69.1,67.76,69.04,20185118.0
2015-07-15T00:00:00Z,69.23,69.43,68.85,69.19,16891606.0
2015-07-16T00:00:00Z,69.63,69.95,69.41,69.56,18035652.0
2015-07-17T00:00:00Z,69.35,69.49,68.92,69.21,14040686.0
2015-07-20T00:00:00Z,69.5,69.766,69.18,69.26,11512894.0
2015-07-21T00:00:00Z,69.16,69.54,68.87,69.1,11659915.0
2015-07-22T00:00:00Z,69.28,70.2901,69.2,70.08,15493019.0
2015-07-23T00:00:00Z,70.19,70.61,69.46,69.64,14331837.0
2015-07-24T00:00:00Z,69.44,69.56,68.68,68.91,12413896.0
2015-07-27T00:00:00Z,68.15,68.22,67.57,68.01,16801563.0
2015-07-28T00:00:00Z,68.55,68.6,67.77,68.05,14932360.0
2015-07-29T00:00:00Z,68.32,69.1,68.16,68.94,13059190.0
2015-07-30T00:00:00Z,68.93,69.45,68.5399,69.04,10197182.0
2015-07-31T00:00:00Z,69.01,69.04,68.4001,68.53,11911818.0
2015-08-03T00:00:00Z,68.59,68.84,68.0,68.53,9980587.0
2015-08-04T00:00:00Z,68.47,68.95,68.31,68.46,10963966.0
2015-08-05T00:00:00Z,69.05,69.42,68.56,68.73,11302860.0
2015-08-06T00:00:00Z,68.75,68.94,68.0,68.25,10803363.0
2015-08-07T00:00:00Z,68.33,68.74,67.55,68.05,11453310.0
2015-08-10T00:00:00Z,68.22,69.005,68.22,68.89,12661440.0
2015-08-11T00:00:00Z,68.23,68.4,67.85,68.23,14800333.0
2015-08-12T00:00:00Z,67.41,67.55,66.07,67.24,21150053.0
2015-08-13T00:00:00Z,67.25,67.8,66.97,67.55,11930623.0
2015-08-14T00:00:00Z,67.42,67.91,67.4,67.89,11248813.0
2015-08-17T00:00:00Z,67.62,68.24,67.4,68.07,10326540.0
2015-08-18T00:00:00Z,67.98,68.36,67.8399,68.21,10617481.0
2015-08-19T00:00:00Z,67.93,68.31,67.365,67.6,15197703.0
2015-08-20T00:00:00Z,66.81,67.04,65.94,65.94,20972302.0
2015-08-21T00:00:00Z,65.09,65.44,63.57,63.6,28235460.0
2015-08-24T00:00:00Z,59.29,62.92,50.07,60.25,36339089.0
2015-08-25T00:00:00Z,63.1,63.3203,59.73,59.91,31772532.0
2015-08-26T00:00:00Z,61.8,62.98,60.545,62.91,33576825.0
2015-08-27T00:00:00Z,63.98,64.73,63.135,64.48,29045691.0
2015-08-28T00:00:00Z,64.29,64.46,63.6,64.13,16687313.0
2015-08-31T00:00:00Z,63.61,64.35,63.47,64.1,14223416.0
2015-09-01T00:00:00Z,62.85,62.85,60.99,61.45,23637264.0
2015-09-02T00:00:00Z,62.62,62.9125,61.54,62.57,17757899.0
2015-09-03T00:00:00Z,62.88,63.66,62.45,62.68,17065377.0
2015-09-04T00:00:00Z,61.8,61.92,60.75,61.5,20188951.0
2015-09-08T00:00:00Z,62.77,63.2,62.33,63.16,13385051.0
2015-09-09T00:00:00Z,63.94,64.34,62.0,62.18,13889457.0
2015-09-10T00:00:00Z,61.86,62.995,61.45,62.66,15751110.0
2015-09-11T00:00:00Z,62.38,62.66,61.986,62.56,12766683.0
2015-09-14T00:00:00Z,62.64,62.685,62.12,62.38,10202787.0
2015-09-15T00:00:00Z,62.76,63.89,62.51,63.58,14023503.0
2015-09-16T00:00:00Z,63.89,64.29,63.21,64.14,12235935.0
2015-09-17T00:00:00Z,64.14,64.64,62.39,62.65,21249199.0
2015-09-18T00:00:00Z,61.83,61.83,60.78,60.94,31008001.0
2015-09-21T00:00:00Z,61.52,61.91,61.08,61.45,13136377.0
2015-09-22T00:00:00Z,60.6,61.085,60.42,60.91,14811862.0
2015-09-23T00:00:00Z,60.8,61.15,60.32,60.64,11712247.0
2015-09-24T00:00:00Z,60.01,60.38,59.46,60.22,17293389.0
2015-09-25T00:00:00Z,61.27,61.86,60.87,61.47,18384297.0
2015-09-28T00:00:00Z,60.92,61.01,59.69,59.98,17452209.0
2015-09-29T00:00:00Z,59.98,60.13,58.73,59.84,19334947.0
2015-09-30T00:00:00Z,60.7,61.0,60.11,60.97,18743807.0
2015-10-01T00:00:00Z,61.12,61.87,60.54,61.42,16863215.0
2015-10-02T00:00:00Z,59.59,60.86,58.53,60.81,20435078.0
2015-10-05T00:00:00Z,61.24,62.24,61.22,62.02,13471119.0
2015-10-06T00:00:00Z,62.11,62.36,61.615,62.05,12134800.0
2015-10-07T00:00:00Z,62.55,63.03,61.755,62.13,12818858.0
2015-10-08T00:00:00Z,61.85,62.25,61.43,62.13,13964567.0
2015-10-09T00:00:00Z,62.39,62.545,61.575,61.93,12112022.0
2015-10-12T00:00:00Z,61.84,62.01,61.399,61.72,10857374.0
2015-10-13T00:00:00Z,61.39,62.16,61.31,61.55,15621860.0
2015-10-14T00:00:00Z,60.76,60.97,59.54,59.99,28989352.0
2015-10-15T00:00:00Z,60.47,61.96,60.1034,61.89,18147873.0
2015-10-16T00:00:00Z,62.43,62.65,62.09,62.43,17456576.0
2015-10-19T00:00:00Z,62.0,62.765,61.91,62.22,14510389.0
2015-10-20T00:00:00Z,62.36,62.815,62.08,62.52,11545128.0
2015-10-21T00:00:00Z,62.88,62.96,62.05,62.06,12173278.0
2015-10-22T00:00:00Z,62.42,63.58,62.42,63.19,15295681.0
2015-10-23T00:00:00Z,63.63,64.185,63.5,63.87,16985219.0
2015-10-26T00:00:00Z,63.84,63.99,63.41,63.9,13880244.0
2015-10-27T00:00:00Z,63.53,63.86,63.3135,63.64,8831862.0
2015-10-28T00:00:00Z,63.7,65.74,63.69,65.5,17962014.0
2015-10-29T00:00:00Z,65.26,65.83,64.88,65.21,12753676.0
2015-10-30T00:00:00Z,65.3,65.34,64.13,64.25,15731415.0
2015-11-02T00:00:00Z,64.45,65.75,64.39,65.54,15253302.0
2015-11-03T00:00:00Z,65.29,66.1,65.17,65.78,11519476.0
2015-11-04T00:00:00Z,66.01,66.15,65.63,65.85,11388422.0
2015-11-05T00:00:00Z,65.79,66.67,65.75,66.44,12715877.0
2015-11-06T00:00:00Z,68.37,69.03,68.1,68.46,23262747.0
2015-11-09T00:00:00Z,68.7,68.72,67.08,67.39,17143831.0
2015-11-10T00:00:00Z,67.19,67.85,66.93,67.68,13239736.0
2015-11-11T00:00:00Z,68.1,68.17,67.25,67.35,8513925.0
2015-11-12T00:00:00Z,66.86,66.9,65.95,66.0,13576850.0
2015-11-13T00:00:00Z,65.84,66.17,65.23,65.56,11836959.0
2015-11-16T00:00:00Z,65.46,66.58,65.17,66.51,11041106.0
2015-11-17T00:00:00Z,66.67,66.74,65.89,66.13,12354839.0
2015-11-18T00:00:00Z,66.48,67.55,66.37,67.45,12911408.0
2015-11-19T00:00:00Z,67.58,67.82,67.04,67.66,12839462.0
2015-11-20T00:00:00Z,67.99,68.11,67.375,67.54,11209616.0
2015-11-23T00:00:00Z,67.31,67.58,66.78,66.88,11338963.0
2015-11-24T00:00:00Z,66.17,67.14,66.04,66.78,10910042.0
2015-11-25T00:00:00Z,66.93,67.12,66.55,66.86,7772026.0
2015-11-27T00:00:00Z,67.0,67.3264,66.64,67.17,4052853.0
2015-11-30T00:00:00Z,67.28,67.52,66.68,66.68,15147536.0
2015-12-01T00:00:00Z,67.34,67.83,66.99,67.61,12708809.0
2015-12-02T00:00:00Z,67.83,67.88,66.48,66.66,13440883.0
2015-12-03T00:00:00Z,66.83,67.03,65.58,65.8,14626881.0
2015-12-04T00:00:00Z,66.1,67.995,66.03,67.89,17786043.0
2015-12-07T00:00:00Z,67.66,67.75,66.4,67.0,11686033.0
2015-12-08T00:00:00Z,66.25,66.96,65.7,65.96,13084484.0
2015-12-09T00:00:00Z,65.61,66.585,65.04,65.46,16770188.0
2015-12-10T00:00:00Z,65.54,66.495,65.08,65.61,12838986.0
2015-12-11T00:00:00Z,64.8,65.16,63.5102,64.07,17889163.0
2015-12-14T00:00:00Z,64.227,64.755,63.6,64.27,17638159.0
2015-12-15T00:00:00Z,65.07,66.65,65.07,66.1,18126588.0
2015-12-16T00:00:00Z,66.91,67.74,65.91,67.53,21720024.0
2015-12-17T00:00:00Z,67.9,68.0,66.085,66.28,18122090.0
2015-12-18T00:00:00Z,65.97,65.97,64.4,64.4,23819643.0
2015-12-21T00:00:00Z,65.02,65.56,64.83,65.54,18869297.0
2015-12-22T00:00:00Z,65.92,66.0,64.98,65.68,12149529.0
2015-12-23T00:00:00Z,66.12,66.85,66.05,66.73,12524453.0
2015-12-24T00:00:00Z,66.62,66.89,66.32,66.6,4468242.0
2015-12-28T00:00:00Z,66.29,66.45,65.71,66.38,6610609.0
2015-12-29T00:00:00Z,66.84,67.3,66.74,67.07,9820830.0
2015-12-30T00:00:00Z,67.04,67.05,66.45,66.59,7190650.0
2015-12-31T00:00:00Z,66.19,66.7801,66.0,66.03,14654329.0
2016-01-04T00:00:00Z,63.95,64.06,63.01,63.62,25393155.0
2016-01-05T00:00:00Z,63.7,64.13,63.04,63.73,16566703.0
2016-01-06T00:00:00Z,62.72,63.125,62.34,62.81,22961532.0
2016-01-07T00:00:00Z,61.46,62.0,60.08,60.27,27630867.0
2016-01-08T00:00:00Z,61.13,61.27,58.85,58.92,22373287.0
2016-01-11T00:00:00Z,58.83,59.22,58.04,58.83,20925529.0
2016-01-12T00:00:00Z,59.45,59.56,58.1,58.96,22971612.0
2016-01-13T00:00:00Z,59.46,59.675,56.91,57.34,28808129.0
2016-01-14T00:00:00Z,58.16,59.38,57.29,58.2,31296332.0
2016-01-15T00:00:00Z,56.45,57.57,56.22,57.04,38131656.0
2016-01-19T00:00:00Z,57.73,57.97,56.51,57.01,22818919.0
2016-01-20T00:00:00Z,55.63,56.18,54.66,55.51,34646083.0
2016-01-21T00:00:00Z,55.74,56.52,55.06,55.25,31301088.0
2016-01-22T00:00:00Z,56.44,57.16,56.3,56.95,22732187.0
2016-01-25T00:00:00Z,56.48,56.85,55.6,55.66,21114360.0
2016-01-26T00:00:00Z,55.85,57.15,55.81,57.08,17535732.0
2016-01-27T00:00:00Z,57.08,58.2699,56.56,57.04,20559961.0
2016-01-28T00:00:00Z,57.52,57.97,56.63,57.28,15497866.0
2016-01-29T00:00:00Z,57.83,59.54,57.51,59.5,26992199.0
2016-02-01T00:00:00Z,59.16,59.65,58.44,58.86,16807936.0
2016-02-02T00:00:00Z,57.88,57.98,56.75,57.03,22448151.0
2016-02-03T00:00:00Z,57.37,57.795,55.015,57.41,31543220.0
2016-02-04T00:00:00Z,57.06,58.52,57.06,58.4,21651256.0
2016-02-05T00:00:00Z,58.58,59.14,57.42,57.75,22001260.0
2016-02-08T00:00:00Z,56.69,56.92,55.535,56.54,28267601.0
2016-02-09T00:00:00Z,55.29,56.69,55.13,56.2,26300049.0
2016-02-10T00:00:00Z,56.57,57.41,55.47,55.52,22389590.0
2016-02-11T00:00:00Z,53.9,53.91,52.5,53.07,44334661.0
2016-02-12T00:00:00Z,55.65,57.57,55.17,57.49,37011352.0
2016-02-16T00:00:00Z,58.23,58.6,57.64,58.35,23730687.0
2016-02-17T00:00:00Z,58.85,59.25,58.3947,58.77,21580108.0
2016-02-18T00:00:00Z,58.84,58.86,57.25,57.81,17037776.0
2016-02-19T00:00:00Z,57.5,58.17,57.075,57.82,15658190.0
2016-02-22T00:00:00Z,58.51,58.88,58.42,58.57,14882763.0
2016-02-23T00:00:00Z,57.9,58.09,55.96,56.12,31772544.0
2016-02-24T00:00:00Z,55.2,56.21,54.325,56.14,25560096.0
2016-02-25T00:00:00Z,56.13,57.03,56.04,57.01,14473275.0
2016-02-26T00:00:00Z,57.64,58.11,57.14,57.54,20947508.0
2016-02-29T00:00:00Z,57.41,57.605,56.29,56.3,19554051.0
2016-03-01T00:00:00Z,56.76,59.2,56.67,59.2,23958079.0
2016-03-02T00:00:00Z,59.2,59.9,58.96,59.76,20943122.0
2016-03-03T00:00:00Z,59.58,59.96,59.103,59.96,15790644.0
2016-03-04T00:00:00Z,60.1,60.55,59.531,60.05,18459014.0
2016-03-07T00:00:00Z,59.54,60.05,59.32,59.94,12832395.0
2016-03-08T00:00:00Z,59.21,59.5,58.68,58.78,14132879.0
2016-03-09T00:00:00Z,59.15,59.54,58.68,59.12,13238828.0
2016-03-10T00:00:00Z,59.59,59.67,57.81,58.61,21139207.0
2016-03-11T00:00:00Z,59.39,59.51,58.65,59.34,21054993.0
2016-03-14T00:00:00Z,59.15,59.31,58.6,59.12,13436139.0
2016-03-15T00:00:00Z,58.54,59.21,58.43,59.2,10910568.0
2016-03-16T00:00:00Z,58.983,59.75,58.47,58.92,17423930.0
2016-03-17T00:00:00Z,58.77,59.13,57.99,58.75,19402238.0
2016-03-18T00:00:00Z,60.05,60.97,59.66,60.48,29570210.0
2016-03-21T00:00:00Z,60.22,60.819,59.9625,60.46,12684403.0
2016-03-22T00:00:00Z,59.99,60.58,59.62,60.24,12042664.0
2016-03-23T00:00:00Z,60.34,60.51,59.86,59.94,11658691.0
2016-03-24T00:00:00Z,59.3,59.51,58.87,59.48,12921194.0
2016-03-28T00:00:00Z,59.53,59.75,59.18,59.4,11159717.0
2016-03-29T00:00:00Z,59.33,59.33,58.53,59.03,15933428.0
2016-03-30T00:00:00Z,59.46,60.2272,59.38,59.71,13307142.0
2016-03-31T00:00:00Z,59.45,59.93,59.11,59.22,14904715.0
2016-04-01T00:00:00Z,59.02,60.06,58.56,59.88,15417527.0
2016-04-04T00:00:00Z,59.44,59.565,58.96,59.2,12305028.0
2016-04-05T00:00:00Z,58.59,58.83,58.21,58.36,12886615.0
2016-04-06T00:00:00Z,58.18,58.88,57.95,58.81,12167852.0
2016-04-07T00:00:00Z,58.26,58.43,57.065,57.32,19226797.0
2016-04-08T00:00:00Z,57.71,58.58,57.69,57.74,13547667.0
2016-04-11T00:00:00Z,57.91,58.88,57.91,58.2,17627802.0
2016-04-12T00:00:00Z,58.34,59.39,58.2,59.28,17779234.0
2016-04-13T00:00:00Z,60.48,62.16,60.38,61.79,37516774.0
2016-04-14T00:00:00Z,61.69,62.905,61.605,62.59,24249920.0
2016-04-15T00:00:00Z,62.88,62.9,61.45,61.87,19290707.0
2016-04-18T00:00:00Z,61.64,62.58,61.53,62.27,13813072.0
2016-04-19T00:00:00Z,62.55,63.48,62.55,63.32,19255617.0
2016-04-20T00:00:00Z,63.48,64.31,63.145,64.24,14594439.0
2016-04-21T00:00:00Z,64.26,64.66,63.34,63.6,15395776.0
2016-04-22T00:00:00Z,63.64,64.38,63.64,63.97,12444665.0
2016-04-25T00:00:00Z,63.6,63.95,63.145,63.6,10687190.0
2016-04-26T00:00:00Z,63.81,64.07,63.33,63.93,12048042.0
2016-04-27T00:00:00Z,63.86,64.64,63.6,64.11,15284125.0
2016-04-28T00:00:00Z,63.64,64.415,63.35,63.6,12852527.0
2016-04-29T00:00:00Z,63.09,63.61,62.7,63.2,16376353.0
2016-05-02T00:00:00Z,63.69,64.0,63.14,63.79,10247330.0
2016-05-03T00:00:00Z,62.9,62.91,61.8,62.56,19120338.0
2016-05-04T00:00:00Z,61.75,62.26,61.27,61.57,17030241.0
2016-05-05T00:00:00Z,61.6,61.995,61.06,61.24,14033862.0
2016-05-06T00:00:00Z,60.7,61.68,60.59,61.6,11057877.0
2016-05-09T00:00:00Z,61.37,61.89,61.05,61.21,11197141.0
2016-05-10T00:00:00Z,61.55,62.26,61.35,62.04,11897151.0
2016-05-11T00:00:00Z,61.97,62.6,61.81,61.81,11254047.0
2016-05-12T00:00:00Z,62.27,62.56,61.37,61.77,11071679.0
2016-05-13T00:00:00Z,61.7,62.4001,61.02,61.2,15122325.0
2016-05-16T00:00:00Z,61.21,61.985,61.0,61.66,10951344.0
2016-05-17T00:00:00Z,61.43,62.16,61.15,61.66,12180930.0
2016-05-18T00:00:00Z,61.7,64.17,61.69,64.04,24052314.0
2016-05-19T00:00:00Z,63.53,64.22,62.9,63.39,16076159.0
2016-05-20T00:00:00Z,63.86,64.19,63.37,63.51,11862030.0
2016-05-23T00:00:00Z,63.45,63.87,63.16,63.46,9347540.0
2016-05-24T00:00:00Z,63.94,64.77,63.81,64.54,13839390.0
2016-05-25T00:00:00Z,64.94,66.2,64.92,65.52,18936695.0
2016-05-26T00:00:00Z,65.57,65.58,64.91,65.03,9428352.0
2016-05-27T00:00:00Z,65.21,65.46,65.05,65.43,10116014.0
2016-05-31T00:00:00Z,65.73,65.82,64.96,65.27,15139407.0
2016-06-01T00:00:00Z,64.76,65.92,64.26,65.69,14031018.0
2016-06-02T00:00:00Z,65.52,65.81,65.16,65.81,10637550.0
2016-06-03T00:00:00Z,64.25,64.86,63.55,64.64,20261681.0
2016-06-06T00:00:00Z,64.64,65.76,64.6,65.28,13193497.0
2016-06-07T00:00:00Z,65.45,65.74,65.04,65.06,9924106.0
2016-06-08T00:00:00Z,64.93,65.48,64.92,65.25,9428013.0
2016-06-09T00:00:00Z,64.79,64.9,64.27,64.75,10817761.0
2016-06-10T00:00:00Z,63.93,64.07,63.58,63.84,16678358.0
2016-06-13T00:00:00Z,63.48,64.34,63.26,63.27,14382759.0
2016-06-14T00:00:00Z,62.68,63.47,61.6802,62.08,19509322.0
2016-06-15T00:00:00Z,62.41,62.975,61.91,61.97,16982140.0
2016-06-16T00:00:00Z,61.45,62.3,60.9,62.22,16791228.0
2016-06-17T00:00:00Z,62.3,62.71,61.93,62.28,15751497.0
2016-06-20T00:00:00Z,63.45,63.85,62.34,62.37,12213239.0
2016-06-21T00:00:00Z,62.73,63.0,62.14,62.95,11611632.0
2016-06-22T00:00:00Z,62.95,63.71,62.68,62.71,12643492.0
2016-06-23T00:00:00Z,63.7,64.15,63.53,64.05,16583609.0
2016-06-24T00:00:00Z,60.48,61.7,59.34,59.6,44108712.0
2016-06-27T00:00:00Z,58.71,58.75,57.05,57.61,37925291.0
2016-06-28T00:00:00Z,59.19,59.55,58.26,59.52,29088741.0
2016-06-29T00:00:00Z,60.36,61.21,60.0,61.2,21483012.0
2016-06-30T00:00:00Z,61.63,62.19,61.02,62.15,21343616.0
2016-07-01T00:00:00Z,61.52,62.0115,61.16,61.26,14217796.0
2016-07-05T00:00:00Z,60.45,60.6,59.1,59.55,23357694.0
2016-07-06T00:00:00Z,59.01,60.29,58.76,60.19,20429800.0
2016-07-07T00:00:00Z,60.52,61.14,60.16,60.58,13771417.0
2016-07-08T00:00:00Z,61.33,62.17,61.33,61.83,16998814.0
2016-07-11T00:00:00Z,62.42,62.95,62.14,62.27,13151438.0
2016-07-12T00:00:00Z,63.03,63.56,62.89,63.2,16588124.0
2016-07-13T00:00:00Z,63.08,63.43,62.64,63.16,18526932.0
2016-07-14T00:00:00Z,64.74,64.98,64.05,64.12,28985935.0
2016-07-15T00:00:00Z,64.75,64.8,63.61,64.18,17607090.0
2016-07-18T00:00:00Z,64.13,64.4,63.9,63.96,10824364.0
2016-07-19T00:00:00Z,63.61,64.1,63.46,63.86,9737390.0
2016-07-20T00:00:00Z,64.11,64.229,63.71,63.93,10411068.0
2016-07-21T00:00:00Z,64.0,64.18,63.63,63.69,9952750.0
2016-07-22T00:00:00Z,63.9,64.09,63.6,64.04,8195688.0
2016-07-25T00:00:00Z,63.98,64.17,63.675,63.87,8168252.0
2016-07-26T00:00:00Z,63.98,64.26,63.71,64.13,8067766.0
2016-07-27T00:00:00Z,64.08,64.685,64.06,64.33,11806756.0
2016-07-28T00:00:00Z,64.0,64.19,63.72,64.1,10013424.0
2016-07-29T00:00:00Z,63.8,64.29,63.75,63.97,13210412.0
2016-08-01T00:00:00Z,64.15,64.31,63.61,63.8,11422601.0
2016-08-02T00:00:00Z,63.59,64.01,63.38,63.65,13550022.0
2016-08-03T00:00:00Z,63.69,64.67,63.65,64.66,13122345.0
2016-08-04T00:00:00Z,64.49,64.815,64.27,64.56,9873007.0
2016-08-05T00:00:00Z,65.14,66.37,65.07,66.3,20752730.0
2016-08-08T00:00:00Z,66.07,66.485,65.84,66.1,11359174.0
2016-08-09T00:00:00Z,66.18,66.28,65.69,65.87,10096971.0
2016-08-10T00:00:00Z,65.92,66.07,65.16,65.28,11556086.0
2016-08-11T00:00:00Z,65.27,65.69,65.02,65.46,9604549.0
2016-08-12T00:00:00Z,64.97,65.35,64.86,65.32,7685383.0
2016-08-15T00:00:00Z,65.56,65.83,65.46,65.72,8371557.0
2016-08-16T00:00:00Z,65.36,65.96,65.24,65.71,10128856.0
2016-08-17T00:00:00Z,65.8,65.98,65.54,65.89,11868065.0
2016-08-18T00:00:00Z,65.62,65.99,65.53,65.95,9313621.0
2016-08-19T00:00:00Z,65.72,65.91,65.22,65.86,9084877.0
2016-08-22T00:00:00Z,65.75,65.88,65.41,65.8,9055631.0
2016-08-23T00:00:00Z,66.07,66.34,65.76,65.77,8949607.0
2016-08-24T00:00:00Z,65.99,66.23,65.77,65.95,10167204.0
2016-08-25T00:00:00Z,65.91,66.14,65.79,66.07,9978651.0
2016-08-26T00:00:00Z,66.33,66.88,65.845,66.22,14038597.0
2016-08-29T00:00:00Z,66.49,67.1,66.46,66.95,14583145.0
2016-08-30T00:00:00Z,66.96,67.595,66.95,67.5,13791151.0
2016-08-31T00:00:00Z,67.46,67.77,66.855,67.5,14952329.0
2016-09-01T00:00:00Z,67.64,67.72,66.65,67.21,12226517.0
2016-09-02T00:00:00Z,67.4,67.575,66.98,67.49,13720662.0
2016-09-06T00:00:00Z,67.5,67.55,66.71,67.44,16649371.0
2016-09-07T00:00:00Z,67.16,67.5901,66.96,67.16,10070407.0
2016-09-08T00:00:00Z,67.22,67.68,67.0,67.25,12252961.0
2016-09-09T00:00:00Z,67.03,67.43,66.64,66.65,19686877.0
2016-09-12T00:00:00Z,66.14,67.3,65.76,67.06,16452983.0
2016-09-13T00:00:00Z,66.11,66.86,65.82,66.53,18876069.0
2016-09-14T00:00:00Z,66.27,67.245,66.21,66.4,12648595.0
2016-09-15T00:00:00Z,66.29,66.93,66.09,66.64,12639749.0
2016-09-16T00:00:00Z,66.09,66.26,65.44,65.82,25161488.0
2016-09-19T00:00:00Z,66.15,66.64,65.85,66.19,13466874.0
2016-09-20T00:00:00Z,66.75,66.85,66.24,66.46,10092157.0
2016-09-21T00:00:00Z,66.84,67.13,66.3099,66.84,14116774.0
2016-09-22T00:00:00Z,66.99,67.42,66.84,67.39,12781744.0
2016-09-23T00:00:00Z,67.39,67.9,67.1766,67.25,13967357.0
2016-09-26T00:00:00Z,66.6,66.8,65.54,65.78,16408130.0
2016-09-27T00:00:00Z,65.41,66.405,65.11,66.36,13711386.0
2016-09-28T00:00:00Z,66.58,66.77,65.9939,66.71,11278036.0
2016-09-29T00:00:00Z,66.7,67.21,65.35,65.65,18727192.0
2016-09-30T00:00:00Z,66.08,67.06,66.08,66.59,21680093.0
2016-10-03T00:00:00Z,66.35,66.92,66.26,66.51,14901651.0
2016-10-04T00:00:00Z,66.21,67.18,66.1,66.6,17226890.0
2016-10-05T00:00:00Z,66.89,68.07,66.8,67.69,16279971.0
2016-10-06T00:00:00Z,67.73,67.97,67.05,67.87,17484978.0
2016-10-07T00:00:00Z,67.79,68.18,67.4,68.11,18497019.0
2016-10-10T00:00:00Z,68.34,69.06,68.23,68.64,13027466.0
2016-10-11T00:00:00Z,68.5,68.82,67.93,68.31,15657104.0
2016-10-12T00:00:00Z,68.26,68.59,68.05,68.13,11899831.0
2016-10-13T00:00:00Z,67.46,67.87,66.82,67.74,17890046.0
2016-10-14T00:00:00Z,68.8,69.03,67.3,67.52,24163776.0
2016-10-17T00:00:00Z,67.42,67.79,66.735,67.17,14963411.0
2016-10-18T00:00:00Z,67.85,68.21,67.54,67.7,11870286.0
2016-10-19T00:00:00Z,67.81,68.5,67.81,68.35,12705774.0
2016-10-20T00:00:00Z,68.08,68.68,67.94,68.26,14122005.0
2016-10-21T00:00:00Z,67.81,68.53,67.7,68.49,12175674.0
2016-10-24T00:00:00Z,68.97,69.05,68.495,68.87,10197123.0
2016-10-25T00:00:00Z,68.88,68.93,68.38,68.8,9945050.0
2016-10-26T00:00:00Z,68.37,69.25,68.37,69.13,9801266.0
2016-10-27T00:00:00Z,69.49,69.77,69.1,69.23,14210699.0
2016-10-28T00:00:00Z,69.53,69.55,68.465,69.11,12766498.0
2016-10-31T00:00:00Z,69.43,69.58,69.23,69.26,14336299.0
2016-11-01T00:00:00Z,69.48,69.78,68.33,68.97,15564491.0
2016-11-02T00:00:00Z,68.65,68.85,68.01,68.68,12449788.0
2016-11-03T00:00:00Z,68.86,69.19,68.22,68.38,10369670.0
2016-11-04T00:00:00Z,68.49,68.56,67.64,67.76,13571306.0
2016-11-07T00:00:00Z,69.08,69.97,69.0,69.88,16515137.0
2016-11-08T00:00:00Z,69.7,70.545,69.24,70.03,17531748.0
2016-11-09T00:00:00Z,71.46,74.15,71.32,73.25,50948378.0
2016-11-10T00:00:00Z,74.22,77.25,74.22,76.65,56192320.0
2016-11-11T00:00:00Z,76.3,76.725,75.77,76.69,27574323.0
2016-11-14T00:00:00Z,77.25,80.44,77.25,79.51,46130653.0
2016-11-15T00:00:00Z,78.37,79.41,77.78,79.36,28126307.0
2016-11-16T00:00:00Z,78.22,78.35,76.88,77.4,26054926.0
2016-11-17T00:00:00Z,77.93,78.455,77.6,78.02,19306721.0
2016-11-18T00:00:00Z,77.96,78.42,77.55,77.71,19769965.0
2016-11-21T00:00:00Z,78.0,78.17,77.29,78.05,11983529.0
2016-11-22T00:00:00Z,78.34,78.555,77.76,78.53,14410100.0
2016-11-23T00:00:00Z,78.87,79.24,77.89,78.86,13401387.0
2016-11-25T00:00:00Z,79.1,79.45,78.47,78.83,6185719.0
2016-11-28T00:00:00Z,78.18,78.87,78.02,78.32,13007242.0
2016-11-29T00:00:00Z,78.39,79.16,78.39,78.92,14144062.0
2016-11-30T00:00:00Z,79.92,80.53,79.7,80.17,25351899.0
2016-12-01T00:00:00Z,80.65,82.279,80.65,81.79,23823632.0
2016-12-02T00:00:00Z,81.8,81.83,80.9,81.6,16931504.0
2016-12-05T00:00:00Z,82.3,83.29,82.29,83.26,18529840.0
2016-12-06T00:00:00Z,83.6,83.81,82.43,83.69,16130043.0
2016-12-07T00:00:00Z,83.55,84.09,82.85,84.07,18996905.0
2016-12-08T00:00:00Z,84.23,85.5,83.94,85.12,20844853.0
2016-12-09T00:00:00Z,85.02,85.5,84.14,85.49,14567202.0
2016-12-12T00:00:00Z,85.36,85.79,84.29,84.73,14509120.0
2016-12-13T00:00:00Z,84.98,85.67,83.82,84.76,16669046.0
2016-12-14T00:00:00Z,83.88,86.12,83.76,84.73,22622633.0
2016-12-15T00:00:00Z,85.4,86.49,84.9,86.0,19438924.0
2016-12-16T00:00:00Z,86.29,86.29,84.89,84.94,23008520.0
2016-12-19T00:00:00Z,84.8,85.44,84.19,85.43,21685098.0
2016-12-20T00:00:00Z,85.79,86.54,85.545,86.53,14587310.0
2016-12-21T00:00:00Z,86.43,86.81,86.03,86.75,11400484.0
2016-12-22T00:00:00Z,86.44,87.17,86.21,86.89,13924219.0
2016-12-23T00:00:00Z,87.0,87.15,86.4,87.05,10759433.0
2016-12-27T00:00:00Z,87.05,87.16,86.75,87.13,6946360.0
2016-12-28T00:00:00Z,87.16,87.39,86.35,86.5,9455586.0
2016-12-29T00:00:00Z,86.58,86.67,85.04,85.89,14689042.0
2016-12-30T00:00:00Z,86.1,86.42,85.66,86.29,13617776.0
2017-01-03T00:00:00Z,87.34,87.76,85.98,87.23,20550714.0
2017-01-04T00:00:00Z,86.96,87.18,86.4,86.91,15266596.0
2017-01-05T00:00:00Z,86.81,87.11,85.2589,86.11,14300816.0
2017-01-06T00:00:00Z,86.39,86.62,85.94,86.12,12893298.0
2017-01-09T00:00:00Z,85.73,86.77,85.52,86.18,12806609.0
2017-01-10T00:00:00Z,86.07,86.9,85.72,86.43,13989033.0
2017-01-11T00:00:00Z,86.43,87.08,85.91,87.08,14713067.0
2017-01-12T00:00:00Z,86.76,87.27,86.02,86.24,21337435.0
2017-01-13T00:00:00Z,87.11,88.17,86.1,86.7,28295985.0
2017-01-17T00:00:00Z,84.93,85.22,83.28,83.55,30024625.0
2017-01-18T00:00:00Z,83.63,84.23,83.03,83.94,21270134.0
2017-01-19T00:00:00Z,84.06,84.67,83.12,83.3,16555554.0
2017-01-20T00:00:00Z,83.43,83.83,83.285,83.67,18436790.0
2017-01-23T00:00:00Z,83.3,84.0,83.205,83.71,12179161.0
2017-01-24T00:00:00Z,83.92,85.0,83.56,84.72,15175319.0
2017-01-25T00:00:00Z,85.84,86.17,85.17,86.03,17550952.0
2017-01-26T00:00:00Z,85.95,86.95,85.95,86.75,15962835.0
2017-01-27T00:00:00Z,86.66,86.98,86.27,86.93,12534881.0
2017-01-30T00:00:00Z,86.19,86.5,85.32,86.03,13661859.0
2017-01-31T00:00:00Z,85.6,86.15,84.09,84.63,15655126.0
2017-02-01T00:00:00Z,85.54,86.1,84.68,84.95,15430940.0
2017-02-02T00:00:00Z,84.34,84.91,84.16,84.59,11081359.0
2017-02-03T00:00:00Z,86.19,87.31,85.865,87.18,17885244.0
2017-02-06T00:00:00Z,86.79,87.45,86.61,86.77,11828416.0
2017-02-07T00:00:00Z,87.14,87.4,86.48,86.72,9392832.0
2017-02-08T00:00:00Z,86.18,86.31,85.37,85.96,13970870.0
2017-02-09T00:00:00Z,86.42,87.33,86.13,87.2,13749123.0
2017-02-10T00:00:00Z,87.48,87.48,86.89,87.0,10992466.0
2017-02-13T00:00:00Z,87.44,88.74,87.43,88.15,18739103.0
2017-02-14T00:00:00Z,88.3,89.7,88.1063,89.56,17932086.0
2017-02-15T00:00:00Z,90.08,90.87,89.35,90.59,17381807.0
2017-02-16T00:00:00Z,90.4,91.04,89.77,90.53,17672724.0
2017-02-17T00:00:00Z,89.82,90.465,89.69,90.23,15776589.0
2017-02-21T00:00:00Z,90.51,91.15,90.46,91.01,14068315.0
2017-02-22T00:00:00Z,90.52,91.3,90.42,91.06,11838980.0
2017-02-23T00:00:00Z,91.18,91.34,90.52,91.13,11066952.0
2017-02-24T00:00:00Z,90.18,90.54,89.73,90.33,15062298.0
2017-02-27T00:00:00Z,90.32,90.725,90.02,90.43,12360988.0
2017-02-28T00:00:00Z,89.845,90.82,89.585,90.62,15183542.0
2017-03-01T00:00:00Z,92.79,93.98,92.61,93.6,24451380.0
2017-03-02T00:00:00Z,93.87,93.92,92.03,92.14,16862487.0
2017-03-03T00:00:00Z,92.23,93.11,92.19,92.8,12861607.0
2017-03-06T00:00:00Z,92.25,92.32,91.1,91.92,15059178.0
2017-03-07T00:00:00Z,91.64,92.09,91.21,91.41,11156845.0
2017-03-08T00:00:00Z,92.68,92.851,91.1,91.21,17378401.0
2017-03-09T00:00:00Z,91.6,92.14,91.15,91.57,13726237.0
2017-03-10T00:00:00Z,91.95,92.0,90.53,91.28,13729948.0
2017-03-13T00:00:00Z,91.31,91.78,90.931,91.36,10004297.0
2017-03-14T00:00:00Z,91.02,91.65,90.765,91.51,10237702.0
2017-03-15T00:00:00Z,91.8,92.55,91.13,91.73,16601394.0
2017-03-16T00:00:00Z,92.03,92.8057,91.57,91.64,14492039.0
2017-03-17T00:00:00Z,91.83,92.04,90.65,90.68,21734743.0
2017-03-20T00:00:00Z,90.27,91.17,89.79,90.03,14623597.0
2017-03-21T00:00:00Z,90.36,90.64,87.06,87.39,33089241.0
2017-03-22T00:00:00Z,86.89,88.07,86.01,87.53,21741025.0
2017-03-23T00:00:00Z,87.21,88.5,87.09,87.39,16090092.0
2017-03-24T00:00:00Z,87.79,88.09,86.77,87.29,16093237.0
2017-03-27T00:00:00Z,85.53,87.401,85.23,87.24,16689294.0
2017-03-28T00:00:00Z,87.02,89.02,86.98,88.6,16264403.0
2017-03-29T00:00:00Z,88.6,88.82,88.08,88.27,10207578.0
2017-03-30T00:00:00Z,88.2,89.46,88.12,89.03,11630996.0
2017-03-31T00:00:00Z,88.71,88.7397,87.75,87.84,16987605.0
2017-04-03T00:00:00Z,87.99,88.17,86.6,87.52,19831778.0
2017-04-04T00:00:00Z,86.89,87.67,86.715,87.31,14280832.0
2017-04-05T00:00:00Z,88.42,88.54,86.13,86.19,17635486.0
2017-04-06T00:00:00Z,85.98,86.91,85.25,86.48,14379588.0
2017-04-07T00:00:00Z,85.93,86.81,85.71,86.18,13092979.0
2017-04-10T00:00:00Z,86.08,86.69,85.4,85.88,15081616.0
2017-04-11T00:00:00Z,85.54,85.79,84.8,85.73,14690492.0
2017-04-12T00:00:00Z,85.93,85.95,85.03,85.4,14730636.0
2017-04-13T00:00:00Z,85.5,86.99,84.4,84.4,30529763.0
2017-04-17T00:00:00Z,84.44,86.08,84.37,85.86,19071650.0
2017-04-18T00:00:00Z,85.36,85.63,84.74,85.16,14127049.0
2017-04-19T00:00:00Z,85.5,85.92,84.36,84.46,17588506.0
2017-04-20T00:00:00Z,84.98,85.78,84.55,85.55,15635808.0
2017-04-21T00:00:00Z,85.5,85.68,84.51,84.52,19820592.0
2017-04-24T00:00:00Z,86.55,88.05,86.42,87.5,25468285.0
2017-04-25T00:00:00Z,88.55,89.13,88.26,88.26,18253752.0
2017-04-26T00:00:00Z,88.35,89.05,88.14,88.43,12832154.0
2017-04-27T00:00:00Z,88.37,88.37,87.01,87.61,13329025.0
2017-04-28T00:00:00Z,87.6,87.85,86.95,87.0,10755629.0
2017-05-01T00:00:00Z,87.36,87.74,86.56,87.06,15712266.0
2017-05-02T00:00:00Z,86.71,86.88,86.02,86.5,14414164.0
2017-05-03T00:00:00Z,86.06,87.1,86.02,87.0,11540536.0
2017-05-04T00:00:00Z,87.69,87.73,86.57,87.1,11537573.0
2017-05-05T00:00:00Z,87.25,87.34,86.42,87.0,9436036.0
2017-05-08T00:00:00Z,87.04,87.3198,86.6481,87.1,8162209.0
2017-05-09T00:00:00Z,87.26,87.84,86.5,86.75,10273937.0
2017-05-10T00:00:00Z,86.5288,87.48,86.47,87.43,8334867.0
2017-05-11T00:00:00Z,87.09,87.48,86.35,87.16,10907382.0
2017-05-12T00:00:00Z,86.68,87.0484,86.3399,86.92,8738802.0
2017-05-15T00:00:00Z,87.1,87.49,86.86,87.34,8835631.0
2017-05-16T00:00:00Z,87.36,88.09,87.34,87.61,9794968.0
2017-05-17T00:00:00Z,86.11,86.39,83.97,84.27,24679728.0
2017-05-18T00:00:00Z,84.07,84.8,83.36,83.96,23350068.0
2017-05-19T00:00:00Z,84.21,85.34,84.15,84.78,13412878.0
2017-05-22T00:00:00Z,85.18,85.29,84.21,84.7,11635998.0
2017-05-23T00:00:00Z,84.75,86.07,84.51,85.76,11753016.0
2017-05-24T00:00:00Z,85.88,85.97,85.24,85.71,9923251.0
2017-05-25T00:00:00Z,85.99,86.08,85.08,85.35,12238543.0
2017-05-26T00:00:00Z,85.11,85.56,85.02,85.36,8113464.0
2017-05-30T00:00:00Z,85.13,85.15,83.78,83.9,12603176.0
2017-05-31T00:00:00Z,83.73,83.82,81.635,82.15,28327925.0
2017-06-01T00:00:00Z,82.46,83.08,81.65,83.06,17123490.0
2017-06-02T00:00:00Z,82.29,82.99,81.98,82.64,14998489.0
2017-06-05T00:00:00Z,82.64,83.51,82.58,82.79,9080165.0
2017-06-06T00:00:00Z,82.29,83.215,82.13,82.96,12196816.0
2017-06-07T00:00:00Z,83.31,84.1052,83.1,83.91,13711071.0
2017-06-08T00:00:00Z,83.91,85.7302,83.89,84.95,17950964.0
2017-06-09T00:00:00Z,85.51,87.05,85.39,86.96,19120172.0
2017-06-12T00:00:00Z,87.32,87.74,86.29,86.98,16053405.0
2017-06-13T00:00:00Z,87.55,87.85,86.98,87.27,12557225.0
2017-06-14T00:00:00Z,86.77,87.31,85.82,87.09,16175654.0
2017-06-15T00:00:00Z,86.25,87.08,86.24,86.57,12509682.0
2017-06-16T00:00:00Z,86.85,86.96,86.015,86.18,16936572.0
2017-06-19T00:00:00Z,86.97,88.23,86.85,88.07,15972336.0
2017-06-20T00:00:00Z,87.75,87.92,87.37,87.52,11197809.0
2017-06-21T00:00:00Z,87.48,87.545,86.76,87.12,10005941.0
2017-06-22T00:00:00Z,86.93,87.36,86.65,87.02,12180579.0
2017-06-23T00:00:00Z,87.66,88.0,86.61,86.86,18812029.0
2017-06-26T00:00:00Z,87.01,87.67,86.615,87.24,10082422.0
2017-06-27T00:00:00Z,87.71,88.94,87.5,88.05,15415152.0
2017-06-28T00:00:00Z,88.6,90.07,88.6,89.82,17466177.0
2017-06-29T00:00:00Z,92.34,92.65,90.31,91.15,27697818.0
2017-06-30T00:00:00Z,91.96,92.0,91.16,91.4,16892700.0
2017-07-03T00:00:00Z,91.56,93.48,91.41,92.75,13208087.0
2017-07-05T00:00:00Z,93.12,93.79,92.61,93.68,17535404.0
2017-07-06T00:00:00Z,93.54,94.51,92.88,93.38,16596123.0
2017-07-07T00:00:00Z,93.96,94.17,93.23,93.85,12817808.0
2017-07-10T00:00:00Z,93.5,93.68,93.09,93.19,13987191.0
2017-07-11T00:00:00Z,93.33,93.33,92.28,92.83,13262282.0
2017-07-12T00:00:00Z,92.61,92.83,92.07,92.51,13540107.0
2017-07-13T00:00:00Z,92.69,93.38,92.34,93.1,12820084.0
2017-07-14T00:00:00Z,90.81,92.605,90.58,92.25,22235168.0
2017-07-17T00:00:00Z,91.82,91.99,91.25,91.39,14374219.0
2017-07-18T00:00:00Z,90.45,91.58,90.32,91.07,14719404.0
2017-07-19T00:00:00Z,91.34,91.6199,91.001,91.2,11651245.0
2017-07-20T00:00:00Z,91.15,91.72,90.9,91.2,11561740.0
2017-07-21T00:00:00Z,91.06,91.36,90.52,90.89,10971292.0
2017-07-24T00:00:00Z,90.96,91.54,90.91,91.28,10725116.0
2017-07-25T00:00:00Z,92.37,93.52,92.27,92.8,16447678.0
2017-07-26T00:00:00Z,93.1,93.19,91.68,91.93,11815499.0
2017-07-27T00:00:00Z,91.83,92.06,91.16,91.55,12332375.0
2017-07-28T00:00:00Z,91.45,91.75,90.905,91.28,9351915.0
2017-07-31T00:00:00Z,91.51,92.36,91.5,91.8,11520329.0
2017-08-01T00:00:00Z,92.49,93.14,92.28,93.03,12523725.0
2017-08-02T00:00:00Z,92.865,93.21,92.505,93.11,10165604.0
2017-08-03T00:00:00Z,92.7,93.13,92.235,92.5,11078804.0
2017-08-04T00:00:00Z,93.5,94.4,93.471,93.66,14323999.0
2017-08-07T00:00:00Z,93.89,94.19,93.71,94.02,7978339.0
2017-08-08T00:00:00Z,93.95,95.2193,93.6,93.68,13745401.0
2017-08-09T00:00:00Z,92.98,93.68,92.83,93.53,11214440.0
2017-08-10T00:00:00Z,92.9,93.07,92.07,92.19,13252269.0
2017-08-11T00:00:00Z,92.13,92.67,91.24,91.42,10679534.0
2017-08-14T00:00:00Z,92.37,92.9,92.33,92.49,10994793.0
2017-08-15T00:00:00Z,93.31,93.56,92.65,92.73,8812720.0
2017-08-16T00:00:00Z,93.04,93.23,91.88,92.09,11085401.0
2017-08-17T00:00:00Z,91.76,91.96,90.5,90.65,13837463.0
2017-08-18T00:00:00Z,90.31,91.54,90.19,90.74,13040738.0
2017-08-21T00:00:00Z,90.85,90.94,90.16,90.63,11502065.0
2017-08-22T00:00:00Z,91.07,91.71,91.0,91.56,9211781.0
2017-08-23T00:00:00Z,90.87,92.34,90.84,91.67,8811292.0
2017-08-24T00:00:00Z,91.93,92.12,91.41,91.52,8623165.0
2017-08-25T00:00:00Z,91.88,92.48,91.8,91.89,11794644.0
2017-08-28T00:00:00Z,92.16,92.19,91.13,91.6,7292915.0
2017-08-29T00:00:00Z,90.45,91.31,90.31,91.1,10886082.0
2017-08-30T00:00:00Z,91.25,91.875,91.19,91.31,9165342.0
2017-08-31T00:00:00Z,91.81,91.85,90.8,90.89,13217404.0
2017-09-01T00:00:00Z,91.25,92.36,90.95,91.7,9815834.0
2017-09-05T00:00:00Z,91.02,91.105,89.0243,89.51,17031549.0
2017-09-06T00:00:00Z,90.0,90.5172,89.64,90.11,11845663.0
2017-09-07T00:00:00Z,90.11,90.13,88.08,88.53,14592255.0
2017-09-08T00:00:00Z,88.31,89.42,88.24,88.42,14242198.0
2017-09-11T00:00:00Z,89.39,90.25,88.95,89.79,13219047.0
2017-09-12T00:00:00Z,90.17,91.25,90.1,90.89,14003776.0
2017-09-13T00:00:00Z,90.61,91.5,90.32,91.15,12485428.0
2017-09-14T00:00:00Z,91.2,91.53,90.74,90.97,10562826.0
2017-09-15T00:00:00Z,91.08,91.71,90.76,91.62,18171794.0
2017-09-18T00:00:00Z,91.93,93.135,91.85,92.92,11318699.0
2017-09-19T00:00:00Z,92.71,94.36,92.52,93.94,12626131.0
2017-09-20T00:00:00Z,94.1,95.29,93.71,94.6,15311581.0
2017-09-21T00:00:00Z,94.46,95.37,94.19,95.03,10851489.0
2017-09-22T00:00:00Z,94.7,94.98,94.43,94.83,8358310.0
2017-09-25T00:00:00Z,94.51,94.88,93.45,94.12,10463432.0
2017-09-26T00:00:00Z,93.78,94.03,93.341,93.7,9358111.0
2017-09-27T00:00:00Z,94.97,95.72,94.58,95.18,15090226.0
2017-09-28T00:00:00Z,95.59,95.88,94.91,95.38,10270398.0
2017-09-29T00:00:00Z,95.3,95.52,95.02,95.51,11438412.0
2017-10-02T00:00:00Z,95.77,96.88,95.46,96.84,13797213.0
2017-10-03T00:00:00Z,96.83,97.43,96.7739,97.35,9633452.0
2017-10-04T00:00:00Z,97.3,97.44,96.28,96.36,12166633.0
2017-10-05T00:00:00Z,96.0,97.4,95.55,97.09,14236219.0
2017-10-06T00:00:00Z,97.55,97.64,96.47,96.92,10231853.0
2017-10-09T00:00:00Z,96.96,97.07,96.14,96.41,7765100.0
2017-10-10T00:00:00Z,96.455,97.18,96.24,97.13,10631527.0
2017-10-11T00:00:00Z,96.83,97.01,96.14,96.84,14283617.0
2017-10-12T00:00:00Z,97.3,97.5,95.62,95.99,18251616.0
2017-10-13T00:00:00Z,95.48,96.71,94.96,95.86,13190576.0
2017-10-16T00:00:00Z,96.34,97.95,96.34,97.84,12434009.0
2017-10-17T00:00:00Z,98.07,98.179,97.32,97.62,10335687.0
2017-10-18T00:00:00Z,98.15,98.55,97.63,97.99,10158626.0
2017-10-19T00:00:00Z,97.19,98.2,97.09,98.11,9133863.0
2017-10-20T00:00:00Z,99.28,99.89,98.7301,99.51,15326608.0
2017-10-23T00:00:00Z,99.51,99.99,99.24,99.34,9238624.0
2017-10-24T00:00:00Z,99.88,101.19,99.76,100.92,13000801.0
2017-10-25T00:00:00Z,101.25,101.45,100.19,101.04,12857533.0
2017-10-26T00:00:00Z,101.35,102.4201,101.32,101.74,13054361.0
2017-10-27T00:00:00Z,101.43,102.2263,101.05,101.77,10400446.0
2017-10-30T00:00:00Z,101.13,101.93,100.87,101.41,8839456.0
2017-10-31T00:00:00Z,101.37,101.7,100.57,100.61,8690197.0
2017-11-01T00:00:00Z,101.1,101.7,100.73,100.92,8418239.0
2017-11-02T00:00:00Z,100.87,101.765,100.16,101.59,8731788.0
2017-11-03T00:00:00Z,101.1,101.525,100.73,101.41,7103513.0
2017-11-06T00:00:00Z,101.34,101.6874,100.66,100.78,8121544.0
2017-11-07T00:00:00Z,100.56,100.75,98.25,98.75,18822583.0
2017-11-08T00:00:00Z,98.27,98.37,97.15,97.64,18524671.0
2017-11-09T00:00:00Z,97.12,98.215,96.81,97.63,13680578.0
2017-11-10T00:00:00Z,97.81,98.34,97.5,97.51,9314009.0
2017-11-13T00:00:00Z,96.69,98.05,96.62,97.86,9303072.0
2017-11-14T00:00:00Z,97.34,97.78,96.85,97.27,11043772.0
2017-11-15T00:00:00Z,96.39,98.74,95.95,98.19,15384080.0
2017-11-16T00:00:00Z,98.53,99.06,98.31,98.47,9808033.0
2017-11-17T00:00:00Z,97.82,98.41,97.57,98.14,9017866.0
2017-11-20T00:00:00Z,98.45,99.145,97.76,99.01,9483200.0
2017-11-21T00:00:00Z,99.5,99.55,98.91,98.93,13389407.0
2017-11-22T00:00:00Z,99.03,99.5239,98.59,98.64,7342248.0
2017-11-24T00:00:00Z,98.83,98.9,98.26,98.32,3680043.0
2017-11-27T00:00:00Z,98.31,99.13,97.93,97.93,13076207.0
2017-11-28T00:00:00Z,98.21,101.7,97.97,101.36,16772956.0
2017-11-29T00:00:00Z,102.41,104.22,101.96,103.73,21105546.0
2017-11-30T00:00:00Z,104.74,106.66,104.04,104.52,23945890.0
2017-12-01T00:00:00Z,104.9,105.316,102.2,104.79,19683510.0
2017-12-04T00:00:00Z,107.73,108.4,106.77,106.95,23576608.0
2017-12-05T00:00:00Z,107.17,107.41,104.12,105.72,17193948.0
2017-12-06T00:00:00Z,105.41,105.76,104.525,104.93,15476226.0
2017-12-07T00:00:00Z,103.95,105.185,103.73,104.62,13371781.0
2017-12-08T00:00:00Z,105.08,105.94,104.34,105.93,13506869.0
2017-12-11T00:00:00Z,105.72,106.06,105.31,105.62,10591228.0
2017-12-12T00:00:00Z,105.92,107.37,105.54,106.85,15508840.0
2017-12-13T00:00:00Z,106.7,107.11,105.48,105.51,15020293.0
2017-12-14T00:00:00Z,106.015,106.45,104.64,104.66,13034232.0
2017-12-15T00:00:00Z,105.72,106.52,105.2,106.14,29350598.0
2017-12-18T00:00:00Z,107.31,107.63,106.48,106.96,12713148.0
2017-12-19T00:00:00Z,107.29,107.49,106.44,106.51,12149937.0
2017-12-20T00:00:00Z,107.61,107.7305,106.09,106.14,13091473.0
2017-12-21T00:00:00Z,106.63,108.07,106.56,107.83,12323670.0
2017-12-22T00:00:00Z,108.13,108.46,106.805,107.45,14573385.0
2017-12-26T00:00:00Z,107.2,107.99,106.4,107.02,7403739.0
2017-12-27T00:00:00Z,106.67,107.29,106.67,107.22,9496548.0
2017-12-28T00:00:00Z,107.4,107.84,107.1601,107.79,7440555.0
2017-12-29T00:00:00Z,108.09,108.28,106.94,106.94,8925701.0
2018-01-02T00:00:00Z,107.63,108.02,106.8056,107.95,13578835.0
2018-01-03T00:00:00Z,107.86,108.49,107.48,108.06,11901037.0
2018-01-04T00:00:00Z,108.36,110.03,108.2,109.04,12953656.0
2018-01-05T00:00:00Z,109.26,109.55,107.775,108.34,14154974.0
2018-01-08T00:00:00Z,108.15,108.68,107.7,108.5,12466512.0
2018-01-09T00:00:00Z,108.72,109.63,108.49,109.05,13292310.0
2018-01-10T00:00:00Z,109.47,110.7,109.39,110.25,15834468.0
2018-01-11T00:00:00Z,110.67,110.929,110.051,110.84,13676788.0
2018-01-12T00:00:00Z,111.65,112.85,110.84,112.67,18884229.0
2018-01-16T00:00:00Z,111.51,113.43,111.07,112.27,22703336.0
2018-01-17T00:00:00Z,111.89,113.2958,111.31,112.99,14940266.0
2018-01-18T00:00:00Z,112.76,113.7226,112.27,113.26,14572911.0
2018-01-19T00:00:00Z,113.94,114.34,112.804,113.01,18785468.0
2018-01-22T00:00:00Z,112.66,114.39,112.5,114.33,12475654.0
2018-01-23T00:00:00Z,113.67,114.64,113.35,114.21,12320751.0
2018-01-24T00:00:00Z,114.86,116.0,114.66,115.67,15904504.0
2018-01-25T00:00:00Z,116.04,116.17,115.075,115.7,13509957.0
2018-01-26T00:00:00Z,115.7,116.32,114.96,116.32,13883875.0
2018-01-29T00:00:00Z,116.02,117.3529,116.02,116.2,11679919.0
2018-01-30T00:00:00Z,115.53,116.6,114.98,115.11,14279124.0
2018-01-31T00:00:00Z,115.65,116.66,115.16,115.67,13141423.0
2018-02-01T00:00:00Z,115.77,116.985,115.48,116.87,13800613.0
2018-02-02T00:00:00Z,116.49,116.92,114.09,114.28,16477307.0
2018-02-05T00:00:00Z,113.0,114.59,103.98,108.8,30097591.0
2018-02-06T00:00:00Z,106.85,112.48,106.61,112.11,33114833.0
2018-02-07T00:00:00Z,111.55,114.45,111.146,112.87,21878324.0
